;Definiciones;;;;;;Contexto de aplicabilidad;;;;;;;;;
ID;Lineamiento (Qué?);Control (Cómo?);Amenaza/Vulnerabilidad (Para qué?);Columna1;Columna2;Columna3;SPA (Angular);App Web;App Móvil;REST o API;Web Service;MQ;Stand-alone con interfaz humana;Stand-alone sin interfaz humana;Cliente-Servidor;Observaciones
AP - 0001;El sistema debe permitir a un super usuario o usuario administrador del sistema, deshabilitar cuentas de usuarios.;Desarrollo funcional o no funcional;"Poder deshabilitar una o varias cuentas de usuario involucradas en un incidente de seguridad o relacionadas con alguna novedad.
Reaccionar ante un evento de fraude en el cual se comprometa una cuenta de usuario.";;;;;;;;;;x;x;x;
AP - 0002;Las credenciales de acceso al sistema deben ser únicas para cada actor.;Desarrollo funcional o no funcional;"Mitigar la ausencia de trazabilidad de las acciónes de un usuario específico en el sistema.
Mitigar la divulgación de credenciales sensibles
Facilitar la remoción de accesos de un usuario
Mitigar denegación masiva de servicio por bloqueo del usuario";;;;;x;;x;x;;x;x;x;
AP - 0003;Un sistema crítico para el negocio debe requerir certificados digitales de cliente en el proceso de autenticación.;Desarrollo funcional o no funcional;"Garantizar una autenticación fuerte del consumidor. 
Asegurar la comunicación de información entre el cliente y el servidor. ";;;;;x;;x;x;x;x;x;x;
AP - 0004;El sistema debe garantizar que el correo electrónico declarado realmente pertenece a la persona en cuestión.;Desarrollo funcional o no funcional;Mitigar la inscripción de correos electrónicos falsos o que no pertenecen al cliente en el sistema.;;;;;x;;x;x;;;;x;
AP - 0005;La transacción crítica debe confirmarse fuera de banda (Push, SMS, correo electrónico, llamada, entre otros).;Desarrollo funcional o no funcional;Confirmar una transacción crítica antes de ser ejecutada.;;;;;x;;x;x;;;;x;
AP - 0006;Debe utilizarse firmas digitales para garantizar la autenticidad de información o transacciones sensibles (Ej.: JWS, XML Sign, PGP, S\MIME entre otros);Desarrollo funcional o no funcional;"Demostrar la autenticidad de un mensaje digital o de un documento electrónico.
Tener la autenticación del origen del mensaje y garantizar no repudio.
Verificar la integridad del mensaje";;;;;;;;;;x;x;x;
AP - 0007;El sistema de autenticación debe tener un retraso incremental de 5 segundos cuando se ingresen credenciales de autenticación erróneas, hasta llegar a un máximo de 30 segundos.;Desarrollo funcional o no funcional;"Mitigar el acceso al sistema por parte de usuarios no autorizados.
Mitigar ataques de denegación de servicio al generar bloqueos de usuarios por intento fallidos.
Mitigar los ataques por fuerza bruta.";;;;;x;;x;x;;x;;x;
AP - 0008;Las respuestas del sistema a los fallos de autenticación no deben indicar cual parte de la autenticación fue incorrecta.;Desarrollo funcional o no funcional;Mitigar que sea fácil para una persona no autorizada adivinar el usuario y/o clave de otra persona. ;;;;x;x;x;x;x;x;x;;x;
AP - 0009;El sistema debe bloquear una cuenta de un usuario ante uno o varios intentos fallidos de autenticación.;Desarrollo funcional o no funcional;Mitigar ataques de fuerza bruta para adivinar contraseñas de usuarios.;;;;;x;x;x;x;x;x;;x;
AP - 0010;El Proceso de Autenticación unificado (SSO: Single Sign On) debe implementarse mediante protocolos estándar (ej.: SAML, Kerberos o OAUTH2/OIDC) y validando correctamente los tokens entregados en el proceso.;Desarrollo funcional o no funcional;"Acceder a varios sistemas que utilicen la misma fuente de autenticación con una sola instancia de identificación usando protocolos estándar.
Mitigar que sean interceptadas las contraseñas de red por parte de usuarios no autorizados.";;;;x;x;x;x;x;;;;x;
AP - 0011;El sistema debe solicitar a cualquier actor (usuario) que intenta autenticarse, como mínimo un nombre de usuario y una contraseña. No usar solo identificadores como documento, correo, userID, APIkey o ClientID.;Desarrollo funcional o no funcional;"Controlar el acceso de usuarios a la aplicación o sistema.
Confirmar que quien intenta acceder es quien dice ser.
Proteger el acceso a recursos y verificar que quien accede sea un usuario que tiene permisos para acceder a dichos recursos.";;;;x;x;x;x;x;x;x;;x;
AP - 0012;Un sistema crítico para el negocio debe requerir claves de un solo uso en el proceso de autenticación.;Desarrollo funcional o no funcional;Mitigar ataques de Replay y de fuerza bruta;;;;;x;;x;x;;x;;x;
AP - 0013;Un sistema crítico para el negocio debe tener un componente para verificación biométrica durante el proceso de autenticación.;Desarrollo funcional o no funcional;"Mitigar que terceros no autorizados logren ingresar al sistema suplantando una identidad. 
Mitigar fuga de información
Controlar el acceso a aplicaciones críticas";;;;;x;;x;x;;x;;x;
AP - 0014;Un sistema crítico para el negocio debe requerir la identificación del equipo desde el cual se autentica un usuario o sistema.;Desarrollo funcional o no funcional;"Mitigar que terceros no autorizados logren ingresar al sistema
Mitigar fuga de información
Controlar el acceso a aplicaciones críticas";;;;;x;;x;x;x;x;x;x;
AP - 0015;Las credenciales para la autenticación a un sistema crítico para el negocio deben estar bajo la custodia de dos usuarios.;Desarrollo funcional o no funcional;"Tener una supervisión del acceso y actividades que realicen los usuarios en el sistema, dado que se requieren de los dos usuarios para acceder y uno se convierte en el supervisor del otro.
Disminuir el riesgo de acceso no autorizado y fuga de informacción por el robo de credenciales. (el delincuente tendría que robar las dos credenciales para tener éxito).";;;;;x;;x;x;;x;;x;
AP - 0016;Las aplicaciones deben reutilizar una interfaz de autenticación preexistente para el tipo de usuario (Ej.: Cliente o empleado);Desarrollo funcional o no funcional;Unificar y administrar centralizadamente las políticas de autenticación, de usuario y de contraseña.;;;;x;x;x;;;;x;;x;
AP - 0017;El proceso de autenticación debe disponer de una interfaz separada donde solo se solicite el ingreso de credenciales;Desarrollo funcional o no funcional;"Mitigar que un usuario ingrese credenciales de acceso en otros campos
Mitigar que la aplicación muestre las capacidades que tiene antes de una autenticación exitosa
Mitigar que se puedan ejecutar operaciones sin estar autenticado";;;;x;;x;;;;;;;
AP - 0018;El proceso de autenticación debe tener un tiempo límite establecido de 1 minuto y despues borrar los datos de autenticación que no se hayan enviado.;Desarrollo funcional o no funcional;Mitigar que sea aprovechados datos de autenticación desatendidos por el usuario para que un tercero no autorizado pueda acceder al sistema o información.;;;;x;x;x;;;;x;;x;
AP - 0019;El sistema debe garantizar que quien realiza las acciones de registro, autenticación y restablecimiento de contraseña es un humano (usando CAPTCHA o retrasos incrementales);Desarrollo funcional o no funcional;Mitigar que robots puedan atacar una aplicación con el propósito de conseguir credenciales válidas o generar una negación de servicio.;;;;x;x;x;;;;;;x;
AP - 0020;El sistema debe garantizar que la persona que realiza el proceso de novedad sobre un mecanismo de autenticación sea realmente el propietario con un mecanismo igual o más robusto de autenticación. (Ej.: Autenticar con token para el cambio del número celular al que se envía un OTP de emergencia) ;Desarrollo funcional o no funcional;Mitigar que sea restablecida una contraseña por un tercero no autorizado.;;;;;x;;;;;x;;x;
AP - 0021;El sistema no debe permitir la autenticación exitosa de un usuario con credenciales de autenticación expiradas, revocadas o bloqueadas.;Desarrollo funcional o no funcional;Mitigar la fuga de información o ejecución de funciones críticas a usuarios que no deberían tener acceso al sistema.;;;;;x;;x;x;x;x;;x;
AP - 0022;El sistema debe registrar en logs todos los eventos excepcionales, eventos de seguridad seguridad y acciones de acceso a información confidencial  por parte de usuarios y sistemas, donde se incluyan acciones exitosas y no exitosas.;Desarrollo funcional o no funcional;Poder realizar investigaciones o monitoreo sobre las acciones de los usuarios u otros sistemas en la aplicación.;;;;;x;;x;x;x;x;x;x;
AP - 0023;El sistema debe registrar el nivel de severidad para cada evento excepcional y de seguridad.;Desarrollo funcional o no funcional;Poder realizar investigaciones o monitoreo sobre las acciones de los usuarios u otros sistemas en la aplicación.;;;;;x;;x;x;x;x;x;x;
AP - 0024;"El sistema debe registrar: el momento exacto de ocurrencia (Fecha, hora, segundos, milisegundos y zona horaria) para cada evento excepcional y de seguridad; y otros datos que permitan realizar la respectiva investigación o correlación como Usuario, Acción realizada, IP local, IP pública, entre otros.";Desarrollo funcional o no funcional;Facilitar la investigación de incidentes de seguridad;;;;;x;;x;x;x;x;x;x;
AP - 0025;Los logs de un sistema no deben ser modificables o alterables.;Desarrollo funcional o no funcional;Mitigar la manipulación de las bitácoras para ocultar incidentes de seguridad ;;;;;x;;x;x;x;x;x;x;
AP - 0026;La organización debe almacenar los logs al menos desde la ocurrencia del evento en el sistema hasta el tiempo que disponga la regulación vigente para dicho sistema.;Desarrollo funcional o no funcional;Facilitar la investigación de incidentes de seguridad;;;;;x;;x;x;x;x;x;x;
AP - 0027;La gestión de logs debe realizarse por el sistema operativo o un sistema externo a la aplicación.;Desarrollo funcional o no funcional;"Mitigar un mal manejo de los logs
Reutilizar los servicios de logs que ofrece la plataforma
Facilitar la integración con herramientas de monitoreo y atención de incidentes";;;;;x;;x;x;x;x;x;x;
AP - 0028;El sistema debe permitir a los usuarios autorizados consultar el historial de acciones realizadas por él mismo.;Desarrollo funcional o no funcional;Permite a los usuarios la auto detección de incidentes de seguridad;;;;;x;;x;x;x;x;x;x;
AP - 0029;En el código fuente, un componente debe poseer el menor número de dependencias posible.;Desarrollo funcional o no funcional;"Permite tener pocas dependencias de implementación (multiplataforma).
Mitigar instalación de componentes adicionales para que la aplicación funcione correctamente.";;;;x;x;x;x;x;x;x;x;x;
AP - 0030;En el código fuente, los componentes deben utilizar interfaces en vez de implementaciones.;Desarrollo funcional o no funcional;"Permite utilizar funciones estándares que ya han sido probadas y simplificar el código fuente.
Minimizar errores en la aplicación.";;;;x;x;x;x;x;x;x;x;x;
AP - 0031;El tiempo de respuesta con la concurrencia máxima esperada debe ser de no más de 5 segundos. ;Desarrollo funcional o no funcional;"Definir el tiempo ideal para responder ante un periodo de máxima concurencia.
Asegurar la disponibilidad de la aplicación ante picos de concurrencia.";;;;;x;;x;x;x;x;x;x;
AP - 0032;El porcentaje de errores con la concurrencia máxima esperada debe ser de 0%. ;Desarrollo funcional o no funcional;"Definir el porcentaje de errores admitidos en un peridodo de concurrencia máxima.
Asegurar la disponibilidad de la aplicación ante picos de concurrencia.";;;;;x;;x;x;x;x;x;x;
AP - 0033;El código fuente no debe tener funciones, métodos o clases repetidas.;Desarrollo funcional o no funcional;"Definir el porcentaje de errores admitidos en un peridodo de concurrencia máxima.
Asegurar la disponibilidad de la aplicación ante picos de concurrencia.";;;;x;x;x;x;x;x;x;x;x;
AP - 0034;El código debe utilizar contenedores de memoria o estructuras de datos optimizadas. ;Desarrollo funcional o no funcional;Minimizar el uso de la memoria RAM de una aplicación.;;;;x;x;x;x;x;x;x;x;x;
AP - 0035;El sistema debe comprimir todo código que vaya a ser transferido entre éste y otro sistema o cliente. ;Desarrollo funcional o no funcional;"Dar un poco de seguridad ya el código es un poco meno legible
Optimizar el cosumo de canal y agilizar la trasferencia";;;;x;x;x;x;x;x;x;x;x;
AP - 0036;El código fuente debe contener funciones, métodos o fragmentos de código con una complejidad ciclomática (McCabe) inferior a 20. ;Desarrollo funcional o no funcional;"Mitigar la probabilidad de incluir fallas. (Riesgo de falla)
Permitir que el código sea posible probarlo, entenderlo y modificarlo fácilmente.";;;;x;x;x;x;x;x;x;x;x;
AP - 0037;El sistema debe notificar a un usuario el vencimiento de su contraseña con una antelación de 7 días.;Desarrollo funcional o no funcional;Mitigar la denegación del servicio por bloqueo de contraseña;;;;;x;;x;x;;x;x;x;
AP - 0038;El sistema debe permitir a un usuario realizar un cambio de contraseña de forma autónoma hasta 5 días después del vencimiento de la misma.;Desarrollo funcional o no funcional;Mitigar la denegación del servicio por bloqueo de contraseña;;;;;x;;x;x;;x;x;x;
AP - 0039;Las contraseñas deben almacenarse a través de resúmenes criptográficos definidos para este proposito como son PBKDF2, bcrypt o Argon2.;Desarrollo funcional o no funcional;"Mitigar la fuga masiva de contraseñas de usuarios
Mitigar que las contraseñas de usuario sean expuestas a los administradores del sistema";;;;;x;;x;x;;x;x;x;
AP - 0040;Las credenciales deben estar almacenadas en una fuente de datos única.;Desarrollo funcional o no funcional;"Administrar las políticas de contraseña de manera centralizada
Facilitar la administración de los usuarios
Reducir procesos operativos
Reducir la superficie de riesgo ante incidentes de seguridad";;;;;x;;x;x;;;;x;
AP - 0041;El sistema no debe permitir cambio de contraseña para un usuario, si la nueva contraseña es igual a alguna de las últimas 24 contraseñas de ese usuario.;Desarrollo funcional o no funcional;Mitigar que los usuarios tengan contraseñas preferidas y que una vez comprometidas tengan una vigencia indefinida;;;;;x;;x;x;;x;x;x;
AP - 0042;Las contraseñas deben tener una validez máxima de 45 días.;Desarrollo funcional o no funcional;"Mitigar que la contraseña sea adivinada por un delincuente en el tiempo.
Mitigar que una contraseña comprometida siga teniendo vigencia en el tiempo";;;;;x;;x;x;;x;x;x;
AP - 0043;La contraseña no debe poder cambiarse mas de una vez en un mismo día.;Desarrollo funcional o no funcional;Cuando se usa el control de evitar que el usuario use contraseñas anteriores, con este control se evita que un usuario cambie las claves hasta volver a la que tenia asignada.;;;;;x;;x;x;;x;x;x;
AP - 0044;Las contraseñas deben tener una longitud mínima de 8 caracteres para usuarios finales y 20 caracteres para usuarios de conexión entre sistemas o usuarios de servicio.  ;Desarrollo funcional o no funcional;"Volver más compleja la posibilidad de que una persona mal intencionada adivine una contraseña.
Reducir la posibilidad de que un robot pueda adivinar una contraseña mediante fuerza bruta.";;;;x;x;x;x;x;;x;x;x;
AP - 0045;El sistema debe almacenar las contraseñas con diferentes derivaciones de clave (Salt).;Desarrollo funcional o no funcional;Proteger las contraseñas de un ataque de diccionario o de tipo rainbow table (Las tablas arco iris son una herramienta para obtener una contraseña a partir del valor hash).;;;;;x;;x;x;;x;x;x;
AP - 0046;El sistema debe forzar el cambio de contraseñas temporales, después de su primer uso.;Desarrollo funcional o no funcional;Grantizar que el usuario es el único que conoce la contraseña por lo que el sistema debe forzar al usuario para que realice este cambio.;;;;x;x;x;x;x;;x;x;x;
AP - 0047;El sistema debe forzar el cambio de contraseñas temporales generadas por un tercero después de su primer uso.;Desarrollo funcional o no funcional;Grantizar que el usuario es el único que conoce la contraseña por lo que el sistema debe forzar al usuario para que realice este cambio.;;;;x;x;x;x;x;;x;x;x;
AP - 0048;Las contraseñas temporales que son generadas para ingreso inicial en un sistema deben tener una validez máxima de 120 minutos.;Desarrollo funcional o no funcional;Personalizar la contraseña en un periodo de tiempo corto, si el usuario deja expirar la contraseña temporal, éste debe tener la posibildiad de solicitar nuevamente otra contraseña.;;;;;x;;x;x;;x;x;x;
AP - 0049;El sistema debe forzar a un usuario a realizar nuevamente el proceso de autenticación o invalidar la sesión en el sistema una vez haya ocurrido un cambio en el estado del usuario (Cambio o restauración de su contraseña, bloqueo, borrado del usuario, deshabilitación del usuario, etc.);Desarrollo funcional o no funcional;Grantizar que al sistema solo ingresen usuarios autorizados en cada momento en el sistema.;;;;;x;;x;x;;x;x;x;
AP - 0050;Aplicaciones que se autentiquen fuera de línea, sólo deben almacenar una contraseña en el caché de autenticación.;Desarrollo funcional o no funcional;Mitigar que se almacenen localmente en el caché de autenticación todas las contraseñas de los usuarios que ingresan a la aplicación, solo se debe almacenar la contraseña del usuario que se loguea habitualmente en la maquina o el dispositivo local donde esté el caché de autenticación.;;;;;;x;;;;;;x;
AP - 0051;Las contraseñas deben contener como mínimo 3 de los siguientes 4 tipos de caracteres: una letra minúscula, una letra mayúscula, un dígito o un carácter especial.;Desarrollo funcional o no funcional;Mitigar la suplantación de usuarios por la obtención de credenciales mediante fuerza bruta, ataques de diccionario, intentos de adivinar y ataques en el almacenamiento o transporte.;;;;x;x;x;x;x;x;x;;x;
AP - 0052;Si el sistema posee un mecanismo de administración, este debe ser accesible solo desde segmentos de red de gestión o administrativos.;Desarrollo funcional o no funcional;Mitigar que se tenga acceso a las consolas administrativas desde Internet u otras redes que puedan ser inseguras.;;;;;x;;x;x;x;;;x;
AP - 0053;El sistema no debe permitir a un actor aumentar los privilegios para él mismo o por otro actor no autorizado.;Desarrollo funcional o no funcional;Mitigar que un usuario pueda realizar acciones o acceder a información que no tiene autorización.;;;;;x;;x;x;x;x;x;x;
AP - 0054;Debe existir un módulo u opción, en la cual se configuren o parametricen las autorizaciones de los usuarios en la aplicación. ;Desarrollo funcional o no funcional;Mitigar que cambios en las autorizaciones de los usuarios requieran un desarrollo, de tal manera que se puedan aplicar cambios rapidamente y que el proceso de certificación de accesos de usuarios en la aplicación se pueda realizar facilmente.;;;;;x;;x;x;x;x;x;x;
AP - 0055;El sistema debe restringir el acceso a objetos del sistema que tengan contenido sensible y solo permitir su acceso a usuarios autorizados.;Desarrollo funcional o no funcional;Mitigar que información sencible pueda ser accedida por usuarios no autorizados y que ésta permita la materizalización de un fraude por fuga de información.;;;;;x;x;x;x;x;x;x;x;
AP - 0056;El sistema debe utilizar el mínimo nivel de privilegios cuando accede a otro sistema o a bases de datos.;Desarrollo funcional o no funcional;Mitigar que una aplicación haga sobre otro sistemas operaciones que no esta autorizado a hacer.;;;;x;x;x;x;x;x;x;x;x;
AP - 0057;Los segmentos de usuarios y servidores con aplicaciones o contenido deben permitir acceso solo a los puertos necesarios. Aplica para conexiones entrantes.;Desarrollo funcional o no funcional;Mitigar que la aplicación se conecte con otras aplicaciones fraudulentas o que por ninguna razón lo debería hacer.;;;;;x;;x;x;x;;;x;
AP - 0058;Los servidores con aplicaciones o contenido solo deben tener acceso a las redes y puertos que les permitan cumplir su propósito. Aplica para conexiones salientes.;Desarrollo funcional o no funcional;Mitigar que la aplicación utilice puertos que por ninguna razón debe utilizar.;;;;;x;;x;x;x;x;x;x;
AP - 0059;El sistema debe requerir autenticación para todos los recursos, excepto para la consulta o visualización de aquellos específicamente clasificados como públicos.;Desarrollo funcional o no funcional;Mitigar que los recursos con acceso restrifigido, sean utilizados por un sistema que no tenga permisos sobre el recurso. Esto no aplica para recursos públicos.;;;;;x;x;x;x;x;x;x;x;
AP - 0060;El sistema debe restringir el acceso a funciones que ejecutan procesos críticos y solo permitir el acceso a usuarios autorizados.;Desarrollo funcional o no funcional;Mitigar que las funciones del sistema que ejecuten procesos crítcos, sean utilizados por usuarios que no tenga permisos sobre el recurso.;;;;;x;;x;x;x;x;x;x;
AP - 0061;Los privilegios para objetos nuevos deben establecerse según el principio del mínimo privilegio.(Ej.: Archivos, tablas, registros, llaves, etc.).;Desarrollo funcional o no funcional;Mitigar que los objetos nuevos pueda ser consultados o modificados por usuarios no autorizados.;;;;;x;;x;x;x;x;x;x;
AP - 0062;Las contraseñas de los usuarios con altos privilegios, deben ser custodiadas y gestionadas por la herramienta definida por el Entidad para este fin.;Procedimiento definido e implementado;"Mitigar la suplantación de usuarios privilegiados
Mitigar la fuga de información
Mitigar eventos de indisponibilidad del servicio";;;;;x;;x;x;x;x;;x;
AP - 0063;Los privilegios requeridos por los usuarios que accederán al sistema deben estar definidos.;Procedimiento definido e implementado;Mitigar que un usuario tenga autorizaciones superiores a las requeridas para desempeñar sus actividades laborales, evitando que se puedan materializar fraudes y fuga de información por dar mas privilegios de los requeridos.;;;;;x;;x;x;x;x;x;x;
AP - 0064;Las aplicaciones expuestas a Internet o a terceros deben establecer las conexiones a través de intermediarios seguros (Ej.: Secure Gateway, WAF, Proxy Reverso, etc.);Desarrollo funcional o no funcional;"Mitigar la explotación de posibles vulnerabilidades que tenga la aplicación y/o los puertos que esta utiliza, de esta manera se puede contener ataques en la DMZ, sin exponer la red interna; evitando fraudes, fuga de información confidencial o ejecución de funcionalidades criticas para el negocio. (Apagar un servidor)";;;;;x;;x;x;x;x;x;x;
AP - 0065;Las cookies de sesión de aplicaciones Web deben tener atributos de seguridad (HttpOnly, Secure, SameSite ) y tener el Path y Domain lo más restrictivo posible;Desarrollo funcional o no funcional;"Mitigar que las cookies puedan ser usadas por otras aplicaciones.
Mitigar que las cookies sean enviadas por un canal que no sea HTTPS.
Mitigar la fuga de información confidencial o tokens de sesión.
Mitigar ataques de tipo Cross-Site-Scripting o XSS, ";;;;;x;;x;x;;;;;
AP - 0066;El sistema no debe utilizar certificados digitales con una vigencia superior a un año.;Procedimiento definido e implementado;Mitigar ataques con los que se pueda comprometer la llave y por ende lo que se esta protegiendo con estos.;;;;x;x;x;x;x;x;x;x;x;
AP - 0067;El sistema debe utilizar certificados digitales que no se encuentren vencidos.;Procedimiento definido e implementado;Mitigar ataques con los que se pueda comprometer la llave y por ende lo que se esta protegiendo con estos.;;;;x;x;x;x;x;x;x;x;x;
AP - 0068;Debe utilizarse certificados firmados por entidades certificadoras internas válidas cuando estos sean para aplicaciones internas.;Procedimiento definido e implementado;"Mitigar la suplantación del sistema (máquina, servicio, sitio, entre otros) que presenta el certificado.
Facilitar y certificar la identificación de sitios o servicios ficticios.
Garantizar la identidad de los sistemas internos ante los consumidores internos.
Dar seguridad a los empleados que están ingresando a un sitio seguro.";;;;x;x;x;x;x;x;x;x;x;
AP - 0069;Debe utilizarse certificados firmados por entidades certificadoras externas válidas cuando estos sean para aplicaciones externas.;Procedimiento definido e implementado;"Mitigar la suplantación del sistema (máquina, servicio, sitio, entre otros) que presenta el certificado.
Facilitar la identificación de sitios o servicios ficticios.
Garantizar la identidad de la organización ante los terceros y clientes.
Dar seguridad a los clientes que están ingresando a un sitio seguro.";;;;x;x;x;x;x;x;x;x;x;
AP - 0070;Las aplicaciones criticas expuestas a los clientes deben tener certificados de validación extendida.;Procedimiento definido e implementado;Identificar el propietario del sitio web y ofrece mayor seguridad al tener un cifrado mas robutos de mínimo 128 bits.;;;;x;x;;;;;;;;
AP - 0071;Debe utilizarse certificados con una identificación coherente con la organización (servicio, servidor, entre otros) a la cual se encuentra asociado.;Procedimiento definido e implementado;"Mitigar errores de validación de certificados.
Mitigar la suplantación del sistema que presenta el certificado.
Facilitar la identificación de sitios o servicios ficticios.
Garantizar la identidad de la organización ante los terceros o empleados cuando son aplicaciones internas.";;;;x;x;x;x;x;x;x;x;x;
AP - 0072;Las derivaciones de clave (Salt), deben ser aleatorias y de mínimo 48 bits.;Desarrollo funcional o no funcional;Agregar complejidad al Sald y al contexto en el cual se está utilizando;;;;x;x;x;x;x;;x;x;x;
AP - 0073;Las funciones de criptografía del sistema deben ser implementadas con mecanismos criptográficos preexistentes, vigentes y avalados por la organización.;Desarrollo funcional o no funcional;Mitigar que se utilicen algoritmos desarrollados a la medida los cuales no han sido probados robustamente y es posible que facilmente se puedan decifrar.;;;;x;x;x;x;x;x;x;x;x;
AP - 0074;Debe utilizarse como mecanismo de cifrado asimétrico un tamaño de clave mínimo de 2048 bits para RSA y 256 bits para ECC.;Desarrollo funcional o no funcional;Asegurar que el algoritmo utilizado tiene una llave suficientemente robusta para mitigar que el sistema de cifrado o firmado se vea comprometido en el tiempo.;;;;x;x;x;x;x;x;x;x;x;
AP - 0075;Debe utilizarse como mecanismo de cifrado simétrico un tamaño de clave mínimo de 256 bits para AES;Desarrollo funcional o no funcional;Asegurar que el algoritmo utilizado tiene una llave suficientemente robusta para mitigar que el sistema de cifrado o firmado se vea comprometido en el tiempo.;;;;x;x;x;x;x;x;x;x;x;
AP - 0076;Debe utilizarse como funciones resumen SHA-2 (SHA-256, SHA-384, o SHA-512) o SHA-3 (SHA3-256, SHA3-384 o SHA3-512);Desarrollo funcional o no funcional;mitigar que se comprometa la información que se desea proteger (Ejm: cuentas, contraseñas, etc.). Impedir ataques de tipo rainbow table.;;;;x;x;x;x;x;x;x;x;x;
AP - 0077;Debe utilizarse llaves diferentes para diferentes procesos (Ej.: llaves diferentes para firmado y cifrado de mensajes).;Desarrollo funcional o no funcional;Mitigar que al comprometerse una llave de un proceso  se comprometa lel otro proceso.;;;;x;x;x;x;x;x;;;x;
AP - 0078;Los números aleatorios generados deben seguir una distribución uniforme, para esto se debe utilizar el mecanismo criptográfico más seguro ofrecido por la plataforma (Ej.: java.security.SecureRandom).;Desarrollo funcional o no funcional;Garantizar que los número aleatorios realmente no obedecen a ninguna razón, parámetro o lógica.;;;;x;x;x;x;x;x;x;x;x;
AP - 0079;La llaves asimétricas privadas o simétricas del sistema deben estar protegidas y no deben ser expuestas;Desarrollo funcional o no funcional;Mitigar que las llaves criptográficas, que deben ser secretas, se comprometan mediante su exposición en pantalla, logs u otra representación que permita su recuperación posteriormente.;;;;x;x;x;x;x;x;x;x;x;
AP - 0080;Las variables o registros temporales donde se almacene información confidencial deben ser borradas inmediatamente se dejen de utilizar, este borrado debe hacerse sobrescribiendo el dato con ceros (Ej.: llaves criptográficas, números de tarjetas, tokens de sesión, etc.).;Desarrollo funcional o no funcional;Reducir la probabilidad de que la información confidencial sea comprometida mediante un volcado de memoria;;;;x;x;x;x;x;x;x;x;x;
AP - 0081;Los sistemas críticos de la organización deben ser redundantes (Alta disponibilidad) y tener respaldo fuera de sitio (DRP);Procedimiento definido e implementado;Mitigar denegación del servicio y mejorar la disponibilidad de los sistemas;;;;x;x;;x;x;x;x;x;x;
AP - 0082;El sistema no debe exponer identificadores o tokens de sesión en URLs ni ser presentados a ningún usuario.;Desarrollo funcional o no funcional;Mitigar la suplantación de usuarios por fuga de información del token de sesión al compartir pantalla, tomar pantallazos, compartir URL, entre otros.;;;;x;x;x;x;x;;;;;
AP - 0083;El sistema no debe incluir en los parámetros de una solicitud al servidor nombres de directorios o rutas de archivos.;Desarrollo funcional o no funcional;Mitigar que se puedan modificar las solicitudes de la aplicación para ejecutar, abrir o modificar archivos diferentes a los necesarios para la solución.;;;;;x;;x;x;x;x;x;x;
AP - 0084;Los archivos del sistema deben ser referenciados mediante rutas absolutas.;Desarrollo funcional o no funcional;Mitigar la carga de rutas inseguras que pueden llevar a fuga de información, funcionamiento inapropiado o la realización de acciones mal intencionadas.;;;;;x;;x;x;;x;x;x;
AP - 0085;Los metadatos de archivos deben ser eliminados antes de ser compartidos con un tercero o hacerlos públicos.;Desarrollo funcional o no funcional;Mitigar fugas de información oculta en los metadatos;;;;x;x;x;x;x;;x;x;x;
AP - 0086;Los eventos con severidad de depuración (Debug) no deben estar habilitados en producción.;Procedimiento definido e implementado;"Mitigar denegación de servicio
Mitigar fuga de información debido a funciones debug en el código ingresadas por el desarrollador.";;;;x;x;x;x;x;x;x;x;x;
AP - 0087;El sistema no debe registrar información sensible en los log técnicos y registros de auditoria.;Desarrollo funcional o no funcional;Mitigar fuga de información en los logs de auditoria;;;;x;x;x;x;x;x;x;x;x;
AP - 0088;Al momento de enviar correos electrónicos masivos los destinatarios se deben enviar en el campo CCO o BCC (copia oculta);Desarrollo funcional o no funcional;Mitigar publicar masivamente correos de clientes o de empleados;;;;;x;;x;x;x;x;x;x;
AP - 0089;El código fuente no debe contener información sensible.;Desarrollo funcional o no funcional;Evitar que información confidencial se fugue a través del código fuente, que puede ser accedido por múltiples desarrolladores y administradores de los repositorios.;;;;x;x;x;x;x;x;x;x;x;
AP - 0090;El código fuente debe estar ofuscado en ambiente de producción, así la aplicación sea compilada. ;Desarrollo funcional o no funcional;Dificultar la detección de vulnerabilidades relacionadas a la lógica de la aplicación;;;;x;x;x;;;;x;x;x;
AP - 0091;Se debe remover todo código fuente que haya sido comentado antes de pasar la solución a producción.;Desarrollo funcional o no funcional;"Mitigar la fuga de información confidencial que se encuentre en el código fuente.
Dificultar la detección de vulnerabilidades relacionadas a la lógica de la aplicación.
Mitigar el riesgo de inyección de código con vulnerabilidades o errores en producción";;;;x;x;x;x;x;x;x;x;x;
AP - 0092;Las cadenas de conexión a la base de datos o credenciales usadas para acceder a otros sistemas deben de estar cifradas en un archivo de configuración separado del código fuente.;Desarrollo funcional o no funcional;"Mitigar la fuga de información de las credenciales de acceso a otros sistemas
Mitigar el acceso no autorizados a los sistemas
";;;;;x;x;x;x;;x;x;x;
AP - 0093;El sistema no debe almacenar información sensible en archivos temporales o en memoria caché, esto incluye los campos de los formularios de lado del cliente.;Desarrollo funcional o no funcional;Mitigar difundir datos sensibles en respuestas de error, incluyendo detalles del sistema, identificadores de sesión o información confidencial de la cuenta.;;;;x;x;x;x;x;;x;x;x;
AP - 0094;Los datos deben estar distorsionados si la aplicación no está en foco.;Desarrollo funcional o no funcional;Mitigar que visualicen datos confidenciales al momento de interactuar con otras aplicaciones.;;;;x;x;x;;;;;;x;
AP - 0095;La información confidencial y restringida debe ser cifrada en reposo (mientras está almacenada);Desarrollo funcional o no funcional;Mitigar que personas mal intensionadas puedan visualizar información confidencial de los clientes o usuarios de forma plana, tales como: clave, numeros de cuenta, numero de tarjetas, etc..;;;;;x;x;x;x;;x;x;x;
AP - 0096;La información de los dispositivos deberá ser eliminada después de 10 intentos fallidos de autenticación, cuando la autenticación es local.;Desarrollo funcional o no funcional;Mitigar ataques de fuerza bruta.;;;;;;x;;;;x;;x;
AP - 0097;Un sistema debe pertenecer únicamente a uno de los ambientes definidos. (Desarrollo, Pruebas - QA, Producción);Procedimiento definido e implementado;"Mitigar que una plataforma no productiva impacte a los ambientes de producción, logrando asi una indisponibilidad o intermitencia en el servicio.
Mitigar el riesgo de que una vulnerabilidad de un sistema no productivo comprometa un sistema productivo.
Mitigar el riesgo de que el equipo de desarrollo y certificación tenga acceso a datos productivos sin autorización.";;;;x;x;x;x;x;x;x;x;x;
AP - 0098;La información técnica (nombre de producto, versión o configuración) de servicios expuestos no debe ser accesible. ;Desarrollo funcional o no funcional;Mitigar fuga de información tecnica;;;;x;x;;x;x;x;x;x;x;
AP - 0099;Las aplicaciones no deben almacenar información confidencial en el cliente (Ej.: navegador web, cookies, local storage, archivos, etc.).;Desarrollo funcional o no funcional;"Mitigar la fuga de información por malware en los equipos de los usuarios
Mitigar la fuga de información por acceso de personas mal intencionados a los equipos de los usuarios";;;;x;x;x;x;x;;;;x;
AP - 0100;Si la aplicación detecta el evento Captura de Pantalla (ScreenShot), debe enmascarar los datos confidenciales que se encuentren visibles.;Desarrollo funcional o no funcional;Mitigar la fuga de información;;;;x;x;x;;;;x;;x;
AP - 0101;Se debe evitar el uso de recursos compartidos del móvil (directorios de acceso público, medios removibles como SD, caches, almacenamiento temporal, agenda de direcciones, galerías de imágenes, archivos de configuración).;Desarrollo funcional o no funcional;Mitigar la fuga de información por guardar la información confidencial de forma compartida con otras aplicaciones;;;;;;x;;;;;;;
AP - 0102;En casos de ser indispensable almacenar información confidencial en el dispositivo móvil o navegador se deben utilizar las APIs de cifrado de datos que provee el sistema operativo o navegador, independiente de si la información se guarda en la zona segura.;Desarrollo funcional o no funcional;"Mitigar la fuga de información
Mitigar la suplantación de usuarios";;;;x;x;x;;;;x;x;x;
AP - 0103;Los archivos generados de forma dinámica por el sistema deben tener definido un Content-Type explícito.;Desarrollo funcional o no funcional;Mitigar que se carguen hojas de estilo o scripts maliciosos.;;;;x;x;x;x;x;;;;;
AP - 0104;Tanto cliente como servidor debe usar el mismo esquema de codificación, aun cuando los rescursos se creen dinamicamente (Ej: Charset);Desarrollo funcional o no funcional;Mitigar ataques basados inyecciones que se aprovechan en la códificación del sistema;;;;x;x;x;x;x;;;;;
AP - 0105;El código fuente de un sistema no debe realizar funciones diferentes a las que han sido especificadas en los requisitos funcionales.;Desarrollo funcional o no funcional;"Mitigar puertas traseras.
Mitigar funcionalidades inseguras.
Mitigar bombas de lógicas.
Mitigar funcionalidades mal intencionadas.";;;;x;x;x;x;x;x;x;x;x;
AP - 0106;Garantizar que el código fuente de la aplicación o sus dependencias no tengan puertas traseras o malas prácticas que permitan alterar el comportamiento natural de la aplicación o saltarse controles de seguridad;Desarrollo funcional o no funcional;Mitigar que a través de las malas prácticas en el desarrollo del software o algún proceso inadecuado del desarrollador pueda ocasionar algún tipo de fuga de información.;;;;x;x;x;x;x;x;x;x;x;
AP - 0107;La codificación del sistema debe estar implementada en una versión de un lenguaje de programación estable, actualizada, probada y libre de vulnerabilidades conocidas.;Procedimiento definido e implementado;Mitigar vulnerabilidades provenientes del lenguaje de programación desactualizadas.;;;;x;x;x;x;x;x;x;x;x;
AP - 0108;La salida de información del sistema debe estar codificada en el lenguaje correspondiente (escaping).;Desarrollo funcional o no funcional;Mitigar la codificacion de codigos de comandos mal intencionados.;;;;x;x;x;x;x;;x;x;;
AP - 0109;El código debe definir opciones por defecto seguras que garanticen las fallas seguras en la aplicación.;Desarrollo funcional o no funcional;Mitigar que la aplicación se comporte de una manera incontrolada, fugando información o realizando funciones que no debe, cuando se presente un valor que no cumple con las condiciones.;;;;x;x;x;x;x;x;x;x;x;
AP - 0110;Las funciones, métodos o clases deben ser invocadas en algún escenario funcional del sistema.;Desarrollo funcional o no funcional;Mitigar la ejecución de codigo malicioso o acciones no requeridas por el sistema.;;;;x;x;x;x;x;x;x;x;x;
AP - 0111;El código fuente debe estar implementado de tal forma que cierre cualquier recurso que se encuentre abierto y no esté siendo utilizado.;Desarrollo funcional o no funcional;Mitigar denegaciones de servicio por mal manejo de recursos.;;;;x;x;x;x;x;x;x;x;x;
AP - 0112;Las variables del código fuente deben estar inicializadas de forma explícita.;Desarrollo funcional o no funcional;Mitigar el mal uso de las variables para ejecutar código mal intencionado.;;;;x;x;x;x;x;x;x;x;x;
AP - 0113;El código fuente debe estar implementado de tal forma que todas las variables tengan un tipo de dato asociado.;Desarrollo funcional o no funcional;Mitigar el mal uso de las variables para ejecutar código mal intencionado.;;;;x;x;x;x;x;x;x;x;x;
AP - 0114;Los componentes provistos por terceros deben corresponder a versiones estables, probadas y actualizadas.;Desarrollo funcional o no funcional;Mitigar que los componentes no contengan vulnerabilidades conocidas, fallas o errores que afecten el normal desempeño de los componente.;;;;x;x;x;x;x;x;x;x;x;
AP - 0115;El sistema debe tener deshabilitadas las funciones que se conocen son inseguras.;Desarrollo funcional o no funcional;Mitigar el uso de funciones que sean catalogadas como inseguras para evitar que estas sean aprovechadas por algún atacante.;;;;x;x;x;x;x;x;x;x;x;
AP - 0116;El sistema debe tener deshabilitadas las funciones innecesarias;Desarrollo funcional o no funcional;Mitigar el uso de funciones que no sean necesarias para el normal funcionamiento del sistema con el fin de que estas sean aprovechadas por algún atacante.;;;;x;x;x;x;x;x;x;x;x;
AP - 0117;El software complementario (drivers, módulos de kernel, etc.) debe utilizar firmas digitales emitidas por el fabricante para garantizar su autenticidad.;Desarrollo funcional o no funcional;Mitigar la suplantación del Software de terceros;;;;;x;x;x;x;;x;x;x;
AP - 0118;Las rutas de carga implícita (variables de sistema como PATH) deben utilizar las rutas de mayor confianza (directorios de sistema operativo) antes de las rutas configurables por el usuario.;Desarrollo funcional o no funcional;Mitigar que las aplicaciones se encuentren alojadas en las ruta definidas por el sistema y no en carpetas personales.;;;;;x;x;x;x;;x;x;x;
AP - 0119;La aplicación no debe revelar detalles del sistema interno como stack traces, fragmentos de sentencias SQL, y nombres de base de datos o tablas. ;Desarrollo funcional o no funcional;Mitigar que información confidencial, del sistema o del funcionamiento del sistema, quede expuesta ante un error de la aplicación por un error causado por el usuario o consumidor.;;;;x;x;x;x;x;x;x;x;x;
AP - 0120;El sistema debe verificar y reportar en bitácora cambios en integridad de los archivos críticos del sistema.;Desarrollo funcional o no funcional;Mitigar modificaciones no autorizadas sobre aplicaciones que puede llevar a fugas de información, funcionamiento errado, denegación de servicio o ejecución de acciones mal intencionadas;;;;;x;;x;x;x;x;x;x;
AP - 0121;Se debe establecer los archivos críticos para cada sistema sobre los que se debe ejercer monitoreo a su integridad.;Procedimiento definido e implementado;Mitigar modificaciones no autorizadas sobre aplicaciones que puede llevar a fugas de información, funcionamiento errado, denegación de servicio o ejecución de acciones mal intencionadas;;;;x;x;x;x;x;x;x;x;x;
AP - 0122;El código fuente debe estar almacenado en un repositorio central.;Desarrollo funcional o no funcional;"Mitigar la modificación no autorizada del código fuente
Tener un control de versiones del código
Identificar cambios no autorizados en el código
Tener un control de cambios en el código";;;;x;x;x;x;x;x;x;x;x;
AP - 0123;El código debe compilarse o interpretarse de forma estricta y segura.;Desarrollo funcional o no funcional;"Mitigar vulnerabilidades provenientes del lenguaje de programación.

";;;;x;x;x;x;x;x;x;x;x;
AP - 0124;Los recursos o librerías que contengan código interpretado, deben ser almacenados en servidores controlados por la organización. (Ej.: Código JavaScript, CSS.);Desarrollo funcional o no funcional;Mitigar modificaciones no autorizadas sobre aplicaciones que puede llevar a fugas de información, funcionamiento errado, denegación de servicio o ejecución de acciones mal intencionadas;;;;x;x;x;;;;;;;
AP - 0125;Si el sistema debe transferir información entre páginas, debe realizarse a través de objetos de sesión.;Desarrollo funcional o no funcional;Mitigar que información confidencial de un usuario sea accedido por otro. Tambien aplica para Mitigar el robo de sesion.;;;;x;x;x;;;;;;;
AP - 0126;La transmisión de información confidencial o la ejecución de funciones sensibles debe realizarse mediante protocolos seguros que garanticen el cifrado de los datos, validen la integridad, y autentiquen al consumidor y al servidor;Desarrollo funcional o no funcional;"Mitigar la fuga de información por la captura de información en tránsito
Mitigar la ejecución de funciones por consumidores no autorizados
Mitigar la consulta de información por consumidores no autorizados
Garantizar la integridad de la información intercambiada
Mitigar la fuga de credenciales de autenticación que permiten la ejecucón de funciones sensibles
Mitigar ataques de hombre en el medio permitiendo la autenticación del servidor";;;;x;x;x;x;x;x;x;x;x;
AP - 0127;No se deben usar mensajes de texto (SMS, MMS) para el envío de información confidencial desde la aplicación.;Desarrollo funcional o no funcional;Mitigar fuga de información;;;;;x;;x;x;x;x;x;x;
AP - 0128;La aplicación debe garantizar que las peticiones que ejecuten transacciones no sigan un patrón discernible.;Desarrollo funcional o no funcional;Mitigar la manipulación de las solicitudes para obtener información confidencial o suplantar a otro usuario;;;;x;x;x;x;x;x;x;x;x;
AP - 0129;El sistema debe cerrar una sesión si se presenta un tiempo de inactividad por parte del usuario, superior o igual a 7 minutos para canales y 20 minutos para otro tipo de aplicaciones. Aplica tanto para front como para servicios.;Desarrollo funcional o no funcional;Mitigar que otro usuario se apodere de una sesión desatendida y suplante al usuario.;;;;x;x;x;x;x;;x;;x;
AP - 0130;Las sesiones concurrentes de un sistema se deben controlar o informar.;Desarrollo funcional o no funcional;Permitir a un usuario reconocer cuando otro usuario esta haciendo uso de su sesión.;;;;;x;;x;x;;;;x;
AP - 0131;El sistema debe permitir al usuario terminar la sesión de forma manual, desde cualquier recurso protegido por autenticación.;Desarrollo funcional o no funcional;Mitigar la suplantación de un usuario por el reuso del estado de sesión desde el mismo navegador.;;;;x;x;x;x;x;;x;;x;
AP - 0132;Al cerrarse la sesión de un usuario (automática o manual) se deben descartar los datos relacionados con la sesión del usuario tanto del lado del cliente como del lado del servidor.;Desarrollo funcional o no funcional;Mitigar que una nueva sesión coincidencialmente le de acceso a un usuario a la información o privilegios de otro usuario previamente autenticado;;;;x;x;x;x;x;;;;x;
AP - 0133;El sistema no debe dejar realizar ninguna acción a un usuario inhabilitado o bloqueado.;Desarrollo funcional o no funcional;Mitigar que se realicen acciones mal intencionadas con un usuario inhabilitado después de haber pasado el proceso de autenticación.;;;;;x;;x;x;;x;x;x;
AP - 0134;El registro de un evento de seguridad sensible en los logs debe generar una alarma o alerta.;Desarrollo funcional o no funcional;Actuar inmediatamente ante un incidente de seguridad;;;;;x;;x;x;x;x;x;x;
AP - 0135;Las claves de un solo uso deben tener una longitud mínima de 6 caracteres.;Desarrollo funcional o no funcional;Mitigar la suplantación de usuarios por intentos de adivinar el OTP;;;;;x;x;x;x;;x;;x;
AP - 0136;Las claves de un solo uso deben tener un validez máxima de 60 segundos.;Desarrollo funcional o no funcional;"Mitigar la suplantación de usuarios por intentos de adivinar el OTP
Mitigar que un OTP no usado, pueda ser usado en un tiempo futuro por una persona o sistema mal intensionado.";;;;;x;x;x;x;;x;;x;
AP - 0137;Los archivos operados en un sistema y los manipulados por los usuarios deben tener un tamaño máximo definido.;Desarrollo funcional o no funcional;Mitigar denegación de servicio por sobre carga al sistema.;;;;x;x;x;x;x;x;x;x;x;
AP - 0138;El sistema debe validar que el formato (estructura) de los archivos corresponda con su extensión.;Desarrollo funcional o no funcional;"Mitigar denegación de servicio por comportamiento inapropiado en la aplicación.
Mitigar la carga de software mal intencionado (malware)";;;;x;x;x;x;x;x;x;x;x;
AP - 0139;El sistema solo debe aceptar únicamente archivos cuyo formato (estructura) sea requerido por la operatividad del negocio.;Desarrollo funcional o no funcional;"Mitigar denegación de servicio por comportamiento inapropiado en la aplicación.
Mitigar la carga de software mal intencionado (malware)";;;;x;x;x;x;x;x;x;x;x;
AP - 0140;Los correos electrónicos de entradas y salida deben pasar por un filtro anti-spam.;Desarrollo funcional o no funcional;Mitigar la entrada y salida de malware;;;;;x;;x;x;x;x;x;x;
AP - 0141;Sistemas que empleen cuentas de correo para el registro de usuarios deben garantizar la unicidad de los correos, siguiendo el estándar de la estructura de dirección de correo RFC822.;Desarrollo funcional o no funcional;"Mitigar la creación de múltiples cuentas de usuario asociadas a un mismo correo por desconocer las reglas de estructura de los correos electrónicos.
Mitigar que se registren correos que no existen.";;;;x;x;x;x;x;;x;x;x;
AP - 0142;Debe usarse construcciones parametrizadas o procedimientos almacenados parametrizados para la creación dinámica de sentencias (ej.: java.sql.PreparedStatement);Desarrollo funcional o no funcional;"Mitigar denegaciones de servicio por mal manejo de recursos.
Mitigar ataques de SQL Injection.";;;;;x;x;x;x;;x;x;x;
AP - 0143;El sistema debe descartar toda la información potencialmente insegura que sea recibida por entradas de datos, independiente de la forma en la que se obtenga el dato (Ej.: Headers, get, post, JSON, XML, archivos, Intents, Activities, Query, Path, Cookies, etc.).;Desarrollo funcional o no funcional;Mitigar ataques del tipo inyección como SQL injection, XSS, buffer overflow, entre otros.;;;;x;x;x;x;x;x;x;x;x;
AP - 0144;El tiempo de los sistemas y equipos de la organización debe estar sincronizado con la hora oficial del país.;Procedimiento definido e implementado;"Garantizar que los logs de los sistemas esten sincronizadas y facilitar las investigaciones y correlacion de eventos.
Garantizar el buen funcionamiento de los Time-Stamp";;;;;x;;x;x;x;x;x;x;
AP - 0145;Las contraseñas temporales deben ser generadas de forma automática y aleatoria.;Desarrollo funcional o no funcional;Las contraseñas temporales no se comprometan y puedan ser usadas por delincuentes, logrando suplantar al usuario en el sistema. ;;;;;x;;x;x;;x;x;x;
AP - 0146;La autenticación del usuarios para el uso de aplicaciones de terceros debe realizarse mediante un front de autenticación propio (Ej.: Front de autenticación OAUTH).;Desarrollo funcional o no funcional;"Mitigar la captura de credenciales por parte de un tercero
Concentrar los esfuerzos de implementaciones de seguridad en un único portal";;;;x;x;x;x;x;;;;;
AP - 0147;La información confidencial y restringida debe estar cifrada en tránsito. Adicionalmente la información restringida debe ser cifrada a nivel de aplicación;Desarrollo funcional o no funcional;Mitigar que la información que se intercambia a traves de la redes externas o internas se enviada de forma isegura, lo que permitira a un atacante capturarla o modificarla en tránsito.;;;;x;x;x;x;x;x;;;x;
AP - 0148;El usuario con el que se ejecuta la aplicación debe contar con los mínimos privilegios y por lo tanto debe ser diferente a un usuario administrador.;Procedimiento definido e implementado;"Mitigar el acceso no autorizado a recursos por parte de la aplicación
Mitigar la fuga de información por accesos no autorizados a traves de la aplicación
Mitigar eventos de indisponibilidad del servicio
Mitigar la modificación no autorizada de datos a traves de la aplicación
Mitigar que una ataque a la aplicación no comprometa el sistema completo";;;;;x;;x;x;x;x;x;x;
AP - 0149;Las aplicaciones desarrolladas por la organización deben estar firmadas criptográficamente en el proceso de compilación para producción y así poder validar su origen.;Desarrollo funcional o no funcional;Mitigar que aplicaciones que fueron construidas por fuera del proceso de desarrollo ofical puedan ser ejecutadas en los sistemas del banco.;;;;;x;x;x;x;x;x;x;x;
AP - 0150;Garantizar que los diferentes componentes de una solución estén separados a nivel de red por los controles de seguridad que aplican (Ej.: Firewalls, WAF, IPS, IDS, etc.).;Procedimiento definido e implementado;Mitigar el riesgo de que al comprometerse un sistema el atacante pueda tener acceso a los demas;;;;x;x;;x;x;;;;x;
AP - 0151;Garantizar que las soluciones independicen la capa de presentación, la capa de control o lógica y la capa de datos o persistencia. ;Desarrollo funcional o no funcional;Mitigar el riesgo de que al comprometerse un sistema no se tenga acceso a las demas capas de la solución;;;;x;x;x;x;x;x;;;x;
AP - 0152;Los campos y formularios de ingreso de contraseña (Autenticación, asignación, cambio o restablecimiento) deben enmascarar la contraseña mientras se ingresa y deben evitar exponerla en recursos donde sean visibles.;Desarrollo funcional o no funcional;" 
Mitigar que personas mal intesionadas utilicen y/o cambien las contraseñas de los usuarios en los diferentes canales y/o aplicaciones.
";;;;x;x;x;;;;x;;x;
AP - 0153;Todos los controles de autenticación, validaciones  o autorización se deben realizar del lado del servidor y no del lado del cliente.;Desarrollo funcional o no funcional;"Mitigar la suplantación de usuarios
Tener control sobre los controles de autenticación";;;;x;x;x;x;x;x;x;x;x;
AP - 0154;Los sistemas de autenticación deben fallar de forma segura, evitando que en caso de error no se autentique o autorice al sujeto que está intentando acceder.;Desarrollo funcional o no funcional;"Mitigar la suplantación de usuarios
Mitigar que ante un evento de indisponibilidad los usuarios puedan realizar operaciones no autorizadas";;;;;x;;x;x;;x;x;x;
AP - 0155;Los campos de contraseñas deben fomentar el uso de frases como contraseñas (passphrases) y no impedir el uso de gestores de contraseñas, contraseñas largas o altamente complejas.;Desarrollo funcional o no funcional;Mitigar la suplantación de usuarios mediante un incremento considerable en la complejidad de las contraseñas y por lo tanto evitando ataques adivinación o de fuerza bruta.;;;;x;x;x;x;x;;x;;x;
AP - 0156;Los OTP enviados por correo electrónico o SMS deben ser la última opción ante un proceso de autenticación, e idealmente deben estar acompañados de otro mecanismo.;Desarrollo funcional o no funcional;"Mitigar la suplantación de usuarios por ataques como SIM Swap, Clonación de SIM, Phishing, Ingeniería Social, entre otros.
Mitigar la suplantación de clientes por captura del OTP por parte de funcionarios del operador celular";;;;x;x;x;x;x;;;;x;
AP - 0157;Las cuentas de usuario deben tener un bloqueo suave y un bloqueo duro, y éstas no son mutuamente excluyentes. El bloqueo de duro debe prevalecer sobre el suave, por lo que un bloqueo suave no debe sobre escribir el bloqueo duro.;Desarrollo funcional o no funcional;Mitigar que un usuario al que se le ha confirmado una conducta inapropiada pueda volver a ser usado en el sistema, manteniendo sus registros de auditoria y su historia.;;;;;x;;x;x;;x;;x;
AP - 0158;Si se usan preguntas reto como mecanismo de autenticación, estas deben estar diseñadas teniendo en cuenta la seguridad y la privacidad de los usuarios.;Procedimiento definido e implementado;"Mitigar demandas por discriminación
Mitigar pérdida de imagen por hacer preguntas consideradas poco éticas
Mitigar la suplantación de usuarios";;;;;x;;x;x;;x;;x;
AP - 0159;Ante una novedad de creación, cambio o restablecimiento de una contraseña, el sistema garantizar el cumplimiento de las políticas de seguridad y evitar la asignación de contraseñas conocidas como inseguras y comúnmente utilizadas.;Desarrollo funcional o no funcional;Mitigar la asignación de crendenciales que no cumplan con las políticas de seguridad;;;;;x;;x;x;;x;;;
AP - 0160;En un proceso de autenticación se debe garantizar que los tiempos de respuesta ante intentos fallidos o exitosos se ejecuten con el mismo tiempo promedio, independiente a si el usuario existe o no.;Desarrollo funcional o no funcional;Mitigar la enumeración de usuarios;;;;;x;;x;x;;x;;x;
AP - 0161;Se deben usar sistemas de manejo de sesiones preexistentes, vigentes y avalados por la organización.;Desarrollo funcional o no funcional;"Mitigar la suplantación de usuarios
Mitigar vulnerabilidades técnicas asociadas al manejo de sesión
Mitigar el secuestro de sesion
Reusar sistemas que han sido probados y cuyas vulnerabilidades pueden haber sido cerradas";;;;;x;;x;x;x;;;x;
AP - 0162;Las sesiones deben tener un tiempo de vida máxima, independiente de que haya actividad (Timeout absoluto), ;Desarrollo funcional o no funcional;"Mitigar la suplantación de usuarios
Mitigar el secuestro de sesión
Mitigar ataques de fuerza bruta sobre sesiones activas
Mitigar que un usuario mal intencionado se quede conectado indefinidamente independientemente si se realizan novedades sobre sus credenciales";;;;;x;;x;x;x;;;x;
AP - 0163;Sólo los identificadores de sesión generados por la aplicación deben ser reconocidos como activos por ésta.;Desarrollo funcional o no funcional;"Mitigar la suplantación de usuarios
Mitigar el secuestro de sesión
Mitigar el riesgo de que el compromiso de un sistema externo tenga efecto sobre el sistema en cuestión";;;;;x;;x;x;;;;x;
AP - 0164;Los identificadores de sesión deben ser aleatorios y tener una longitud de más de 256 bits (32 caracteres en ASCII).;Desarrollo funcional o no funcional;"Mitigar la suplantación de usuarios
Mitigar el secuestro de sesión
Mitigar ataques de fuerza bruta sobre sesiones activas";;;;;x;;x;x;;;;x;
AP - 0165;Se debe desactivar el listar directorios del HTTP.;Procedimiento definido e implementado;Mitigar la enumeración de recursos;;;;x;x;;x;x;;;;;
AP - 0166;Los servicios expuestos deben poder controlar o alertar cuando el número de peticiones que se hagan por parte de un consumidor este por fuera de lo normal (Rate limiting).;WAF;"Mitigar la fuga masiva de información desde un solo consumidor
Mitigar la ejecución de multiples acciones críticas desde un mismo consumidor
Mitigar la capacidad de generar una denegación del servicio por alta transaccionalidad";;;;;x;;x;x;;;;x;
AP - 0167;Las operaciones críticas deben requerir una autenticación fuerte antes de su ejecución.;Desarrollo funcional o no funcional;"Mitigar la suplantación de usuarios
Mejorar los niveles de seguridad de una aplicación";;;;;x;;x;x;;x;;x;
AP - 0168;Las operaciones críticas deben requerir un análisis de riesgo que permita prevenir su ejecución antes de ser procesadas.;Desarrollo funcional o no funcional;Mitigar la ejecución de transacciones que por su contexto pueden ser riesgosas;;;;;x;;x;x;;;;x;
AP - 0169;Las operaciones críticas deben requerir un control dual para su ejecución.;Desarrollo funcional o no funcional;"Mitigar la suplantación de usuarios en la ejecución de una operación cítica
Mitigar la posibilidad de fraude interno o externo en operaciones críticas
Mitigar la ejecución no autorizada de operaciones críticas para el negocio
Mitigar el riesgo operativo de la ejecución de una actividad de riesgo para el negocio";;;;;x;;x;x;;x;;x;
AP - 0170;Se debe garantizar que el ambiente de ejecución seleccionado para el desarrollo de la aplicación controle el Buffer Overflow.;Desarrollo funcional o no funcional;"Mitigar la explotación de vulnerabilidades que puedan llevar a tomar control del sistema o ejecutar acciones que no fueron programadas
Mitigar eventos que puedan afectar la disponibilidad del servicio";;;;x;x;x;x;x;x;x;x;x;
AP - 0171;Se debe validar que los datos de entrada del sistema cumplan con la longitud, formato y caracteres permitidos;Desarrollo funcional o no funcional;"Mitigar la inyección de datos no válidos en el sistema, manteniendo la consistencia de los datos.
Mitigar ataques de inyección como XSS,XML Injection, SQL Injection, JSON Injection, Buffer Overflow, entre otros.
Mitigar ataques de denegación de servicio";;;;x;x;x;x;x;x;x;;x;
AP - 0172;En JavaScript, los datos transferidos desde un contexto DOM a otro debe utilizar métodos seguros como .innerText o .val;Desarrollo funcional o no funcional;Mitigar la captura de datos por scripts no autorizados;;;;x;x;;;;;;;;
AP - 0173;Al programar se debe evitar el uso de funciones conocidas como inseguras. (Ej: En JavaScript, cuando se procese un JSON se debe usar el JSON.parse en vez de la función eval);Desarrollo funcional o no funcional;Mitigar la ajecución de comandos no autorizados entregados a traves de los datos que serán evaluados;;;;x;x;x;x;x;;;;;
AP - 0174;Cuando se desarrollen procesos criptográficos, al fallar, éstos deberán presentar errores genéricos que impidan revelar parcial o totalmente detalles del proceso.;Desarrollo funcional o no funcional;Mitigar que las fugas de información del proceso criptografico puedan ayudar a romper el sistema criptográfico.;;;;x;x;x;x;x;x;x;x;x;
AP - 0175;Los sistemas preconstruidos que posean la posibilidad de habilitar el modo de cumplimiento con FIPS 140-2 vigente para procesos criptográficos deben tenerlo habilitado (Ej: En WAS, Datapower, etc);Desarrollo funcional o no funcional;Mitigar que los sistemas usen algoritmos criptograficos inseguros que pueden llevar a vulnerabilidades de fuga de información, fallas en procesos de autenticación de sistemas o personas, fallas en validaciones de integridad entre otros.;;;;;x;;x;x;x;x;x;x;
AP - 0176;El cifrado asimétrico con RSA debe implementarse usando el padding OAEP;Desarrollo funcional o no funcional;"Mitigar el descifrado de los datos mediante rainbow tables
Aumentar la entropia del mensaje cifrado
Mitigar la fuga de información que ha sido cifrada";;;;x;;x;x;x;x;x;x;x;
AP - 0177;El cifrado simétrico con AES debe usarse en modo GCM (Gallois Counter Mode);Desarrollo funcional o no funcional;"Mitigar ataques que permitan identificar información a traves de los datos cifrados.
Mitigar ataques que permitan obtener la llave de cifrado
Mitigar ataques de criptoanálisis
Mitigar la fuga de información que ha sido cifrada";;;;x;;x;x;x;x;x;x;x;
AP - 0178;Todo cifrado con algoritmos simétricos que cifre un dato de un tamaño pequeño (Menos de 32 Bytes) debe usar un relleno aleatorio (Padding) que complete el tamaño;Desarrollo funcional o no funcional;"Mitigar el descifrado de los datos mediante rainbow tables
Aumentar la entropia del mensaje cifrado";;;;x;;x;x;x;x;x;x;x;
AP - 0179;Todo cifrado simétrico debe usar un Vector de Inicialización aleatorio que se calcule en el proceso de cifrado. El vector de inicialización debe ser de una logitud igual al de la llave de cifrado;Desarrollo funcional o no funcional;"Mitigar ataques que permitan identificar información a traves de los datos cifrados.
Mitigar ataques que permitan obtener la llave de cifrado
Mitigar ataques de criptoanálisis
Mitigar la fuga de información que ha sido cifrada";;;;x;;x;x;x;x;x;x;x;
AP - 0180;Los procesos criptográficos que son críticos para la organización deben usar sistemas que no expongan las llaves criptográficas durante su uso. Ej.: HSM o KMS.;Desarrollo funcional o no funcional;Mitigar que los procesos criptograficos críticos de la organización puedan ser modificados o comprometidos a nivel de memoria RAM o aplicación exponiendo las llaves o los datos que se procesan;;;;;x;;x;x;x;x;x;x;
AP - 0181;La visualización de datos almacenados de los que se desconfíe su procedencia debe incluir previamente un proceso de sanitización antes de ser presentados.;Desarrollo funcional o no funcional;"Mitigar ataques de XSS reflejado
Mitigar ataques que se pueden dar cuando se presenta la información al usuario final";;;;x;x;x;x;x;x;x;x;x;
AP - 0182;"La aplicación debe tener configurados las cabeceras HTTP apropiadas para el manejo de cache (Ej.: Cache-Control: no-cache; Cache-Control: no-store, entre otras)";Desarrollo funcional o no funcional;Mitigar que se almacene información confidencial en intermediarios o el cliente, por ejemplo en navegadores o CDN.  ;;;;x;x;x;;;;;;;
AP - 0183;Las aplicaciones móviles deben validar el certificado expuesto por el servidor mediante Certificate Pinning, usando un pinset que permita tener máximo dos certificados;Desarrollo funcional o no funcional;"Mitigar ataques de hombre en el medio
Mitigar ataques por ingeniería inversa
Permitir a la aplicación autenticar al servidor al que se está conectando";;;;;;x;;;;;;x;
AP - 0184;En la implementación de mecanismos de cifrado (Ej.: TLS, SSH, IPSec o aplicaciones) se debe preferir el uso de algoritmos criptográficos que implementen el Forward Secrecy (PFS o FS);Desarrollo funcional o no funcional;"Mitigar que el compromiso de las llaves usadas para el cifrado permita descifrar en el futuro las conexiones.
Hacer que las conexiones sean más seguras";;;;x;x;x;x;x;x;;;x;
AP - 0185;Las aplicaciones HTTP (Servicios o Web) solo deben soportar los métodos HTTP mínimos requeridos para su funcionamiento (Ej.: GET, POST, DELETE, etc.);Desarrollo funcional o no funcional;"Mitigar riesgos de borrado de recursos del servidor
Mitigar riesgos de actualización de recursos en el servidor
Tener un mejor control sobre las acciones que se realizan en el servidor
Mitigar las posibilidad de acceder a información del sistema y enumerar recursos";;;;x;x;;x;x;;;;x;
AP - 0186;Las aplicaciones deben estar aisladas virtual o físicamente de otras, ya sea mediante sandboxing, jails, contenerización u otro mecanismo.;Desarrollo funcional o no funcional;Mitigar que las vulnerabilidades de una aplicación no afecten a otra aplicación;;;;;x;x;x;x;x;x;x;x;
AP - 0187;Las aplicaciones que tienen un orden estricto de ejecución de pasos, deben garantizar que ninguno de los pasos pueda ser saltado a nivel técnico;Desarrollo funcional o no funcional;Mitigar que los controles definidos en los flujos de la aplicación puedan ser saltados.;;;;;x;x;x;x;x;x;x;x;
AP - 0188;Todos los archivos recibidos a través de una aplicación se deben almacenar en un repositorio independiente implementado solo para este propósito;Desarrollo funcional o no funcional;"Mitigar el compromiso del sistema por malware
Mitigar que a traves de una carga de archivos mál implementada se pueda modificar el comportamiento de la aplicación";;;;;x;;x;x;;;;x;
AP - 0189;Se debe usar solo las tecnologías definidas por ingeniería de software y que se reconozcan como seguras;Procedimiento definido e implementado;"Mitigar riesgos de seguridad asociados al uso de técnologias inseguras.
Mitigar riesgos de seguridad por vulnerabilidades no detectadas por sistemas automáticos afinados a tecnologias conocidas
Incentivar el uso de tecnologías avaladas por la organización";;;;x;x;x;x;x;x;x;x;x;
AP - 0190;No se debe usar el UDID o IMEI como mecanismo de autenticación de dispositivos móviles. Se debe crear un identificador basado en el hardware, que se calcule en cada transacción (identificador dinámico) y sumarle un identificador aleatorio negociado con el servidor (identificador estático);Desarrollo funcional o no funcional;Mitigar usar el IMEI de los dispositivos, que puede ser clonado o que en algunos casos puede ser el mismo para una misma gama de dispositivos.;;;;;;x;;;;;;;
AP - 0191;Del lado del cliente no se deben almacenar credenciales estáticas en ningún tipo de formato (código, archivos de configuración, base de datos, entre otros) que permitan acceder a otros sistemas.;Desarrollo funcional o no funcional;"Mitigar la suplantación de consumidores de un servicio
Insentivar el uso de controles de autenticación más seguros
Mitigar la falsa sensación de seguridad en servicios con autenticación basada en malas prácticas";;;;x;;x;x;x;;;;x;
AP - 0192;La aplicación debe solicitar al sistema operativo o navegador la menor cantidad de permisos posibles para su funcionamiento (Ej.: Manifiesto de Android o Info.plist en IOS);Desarrollo funcional o no funcional;"Mitigar que la aplicación tenga acceso a información que no requiere
Mitigar que el acceso a datos no necesarios conlleve a vulnerabilidades
Miti";;;;x;;x;;;;x;x;x;
AP - 0193;El código sensible de la aplicación debe ser cargado de forma aleatoria y no predecible en memoria (Ej.: Usando ASLR);Desarrollo funcional o no funcional;"Mitigar que el código o instrucciones críticas sean sobre escritas en ejecución
Mititar que se pueda acceder a datos en memoria con información crítica";;;;;x;;x;x;x;x;x;x;
AP - 0194;Las aplicaciones móviles del ambiente de producción no deben permitir su ejecución en modo depuración.;Desarrollo funcional o no funcional;"Mitigar la posiibilidad de realizar ingenieria inversa en la aplicación
Mitigar la posibilidad de usar la aplicación para explotar vulnerabilidades del servidor
Mitigar la automatización de ataques";;;;;;x;;;;;;;
AP - 0195;Las aplicaciones móviles no deben exportar activities, intents, o content providers sensible a otras aplicaciones móviles;Desarrollo funcional o no funcional;Evitar que otras aplicaciones móviles tengan acceso a información o funcionalidades sensibles de la aplicación;;;;;;x;;;;;;;
AP - 0196;Se debe garantizar que el mismo esquema de codificación es usado del lado del cliente y del lado del servidor.;Desarrollo funcional o no funcional;"Mitigar vulenrabilidades basadas en la codificación
Mitigar eventos de indidsponibilida del servicio";;;;x;x;x;x;x;x;;;x;
AP - 0197;Los servicios deben validar que el content-type de los datos de  entrada es el definido para el proceso.;Desarrollo funcional o no funcional;Evitar un comportamiento no controlado de la aplicación que pueda llevar a problemas de fuga de información, indisponibilidad o modificación no autorizada de datos.;;;;;x;;x;x;;;;;
AP - 0198;Si el framework de desarrollo permite el Automatic Variable Binding o asignación dinámica de variables en función al request, se deben tener listas blancas de las variables esperadas y no permitir la asignación de variables diferentes a las esperadas.;Desarrollo funcional o no funcional;Evitar un comportamiento no controlado de la aplicación que pueda llevar a problemas de fuga de información, indisponibilidad o modificación no autorizada de datos.;;;;x;x;x;x;x;;;;x;
AP - 0199;Se debe evaluar en el servidor que cada petición entrante que el número de parámetros con el mismo nombre recibidos cumpla con las definiciones de la aplicación. Ej.: En HTTP si llegan dos &var1 en el query y solo se espera uno, entonces el segundo se debe descartar.;Desarrollo funcional o no funcional;Evitar un comportamiento no controlado de la aplicación que pueda llevar a problemas de fuga de información, indisponibilidad o modificación no autorizada de datos.;;;;x;x;x;x;x;;;;x;
AP - 0200;"Se debe implementar la cabecera HTTP Strict Transport Security (HSTS) con la siguiente configuración:
Strict-Transport-Security: max-age=31536000; includeSubDomains; preload";Desarrollo funcional o no funcional;Obliga que el consumidor valide que la conexión HTTP sea por HTTPS ;;;;x;x;;x;x;;;;;
AP - 0201;"Una página Web debe protegerse de ser embebida en sitios maliciosos y para esto se debe implementar la cabecera HTTP X-Frame-Options con la siguiente configuración:
Por defecto: X-Frame-Options: deny
Si se va a embeber en el mismo dominio: X-Frame-Options: sameorigin
Si se va a embeber en otros dominios: X-Frame-Options: allow-from <dominios>";Desarrollo funcional o no funcional;Obliga a que el consumidor valide que el sitio web no fue cargado dentro de otro sitio;;;;x;x;;;;;;;;
AP - 0202;"Se debe implementar la cabecera X-XSS-Protection con la siguiente configuración:
X-XSS-Protection: 1; mode = block";Desarrollo funcional o no funcional;Mitigar vulnerabilidades de XSS que pueden llevar a fuga de información o robo de sesión entre otros.;;;;x;x;;;;;;;;
AP - 0203;"Se debe implementar la cabecera X-Content-Type-Options con la siguiente configuración:
X-Content-Type-Options: nosniff";Desarrollo funcional o no funcional;Mitigar vulnerabilidades de seguridad que pueden ser explotadas mediante la recepción de contenido desde el servidor que no esté autorizado;;;;x;x;;x;x;;;;;
AP - 0204;Se debe implementar la cabecera Content-Security-Policy y configurar con el contenido que se enviará por parte del servidor. Por defecto se debe habilitar default-src, y a partir de esta definir explícitamente el contenido.;Desarrollo funcional o no funcional;"Mitigar que la aplicación pueda consumir recursos externos
Mitigar que el navegador consuma recursos que no estén en sitios confiables
Mitiga ataques que se pueden dar al consumidor como XSS o cross-site injections.";;;;x;x;;;;;;;;
AP - 0205;"Se debe implementar la cabecera X-Permitted-Cross-Domain-Policies con la siguiente configuración:
X-Permitted-Cross-Domain-Policies: none";Desarrollo funcional o no funcional;Mitigar que la aplicación pueda intercambiar información entre recursos de diferentes dominios;;;;x;x;;x;x;;;;;
AP - 0206;Los servicios expuestos deben tener un control de Rate Limiting o Burst Limit que evite que se puedan ser consumidas de forma masiva.;Desarrollo funcional o no funcional;"Mitiga ataques de denegación de servicios
Mitiga ataques de fuga de información masivas
Mitiga la ejecución masiva de múltiples transacciones";;;;;;;x;x;;;;;
AP - 0207;Los sistemas que tengan SSO deben permitir que el usuario pueda visualizar una lista de las sesiones abiertas y poder cerrarlas.;Desarrollo funcional o no funcional;"Permitir que el usuario pueda cerrar las sesiones que desconozca
Mitigar el riesgo de suplantación del usuario
Permitir que el usuario pueda tener control sobre las sesiones que tiene abiertas";;;;;;;x;x;;;;;
AP - 0208;Los sistemas que tengan SSO deben permitir que el usuario pueda cerrar todas las sesiones activas en todas las aplicaciones ante un cambio de contraseña.;Desarrollo funcional o no funcional;Evitar que un atacante permanezca con la sesión abierta aun cuando se cambio la clave con la que se genero la sesion. Lo que puede mantener una suplantación de un usuario en el tiempo.;;;;;;;x;x;;;;;
AP - 0209;Se debe implementar cabeceras de CORS (Cross-Origin Resource Sharing) en los casos en que se exponen recursos de forma externa y se quieren limitar los dominios que pueden hacer su llamado.;Desarrollo funcional o no funcional;Mitigar el llamado a recursos estaticos y/o expuestos como contenido estatico. ;;;;x;x;;x;;;;;;
AP - 0210;Cuando se use OAUTH los tokens de acceso deben ser de más de 32 bits y los códigos de autorización deben ser OTPs con una longitud recomendada de 16 bits;Desarrollo funcional o no funcional;Mitigar ataques de secuestro de sesión y suplantación de usuarios;;;;x;x;x;x;x;;;;x;
